[
    {
        "id": 1, 
        "client": 1,
        "date": "2020-06-13",
        "products": [
            {
                "name": "Pizza",
                "price": 50
            }
        ]
    },
    {
        "id": 2, 
        "client": 2,
        "date": "2020-06-13",
        "products": [
            {
                "name": "Hamburguesa",
                "price": 50
            }
        ]
    },
    {
        "id": 3, 
        "client": 3,
        "date": "2020-06-13",
        "products": [
            {
                "name": "Hamburguesa",
                "price": 50
            }
        ]
    },
    {
        "id": 1, 
        "client": 1,
        "date": "2020-06-13",
        "products": [
            {
                "name": "Pizza",
                "price": 50
            }
        ]
    },
    {
        "id": 4, 
        "client": 4,
        "date": "2020-06-13",
        "products": [
            {
                "name": "Pizza",
                "price": 50
            }
        ]
    },
    {
        "id": 3, 
        "client": 3,
        "date": "2020-06-13",
        "products": [
            {
                "name": "Hamburguesa",
                "price": 50
            }
        ]
    }
]