[
    {
        "username": "alexizzarevalo",
        "password": "helloworld"
    },
    {
        "username": "gerson",
        "password": "gg"
    },
    {
        "username": "juan",
        "password": "jj"
    },
    {
        "username": "OscarTaker",
        "password": "oo"
    },
    
    {
        "username": "alexizzarevalo",
        "password": "helloworld"
    },
    {
        "username": "bryan",
        "password": "bb"
    },
    {
        "username": "emerson",
        "password": "ee"
    },
    {
        "username": "gerson",
        "password": "gg"
    },
    {
        "username": "Johnny",
        "password": "jh"
    },
    {
        "username": "Jonatan",
        "password": "jo"
    }
]