<?xml version="1.0" encoding="UTF-8"?>
<project-private xmlns="http://www.netbeans.org/ns/project-private/1">
    <editor-bookmarks xmlns="http://www.netbeans.org/ns/editor-bookmarks/2" lastBookmarkId="0"/>
    <open-files xmlns="http://www.netbeans.org/ns/projectui-open-files/2">
        <group>
            <file>file:/C:/Users/gerso/Desktop/PROGRAMACIÓN/NetBeans/IPC1-Proyecto1_G9/Proyecto1/src/interfazgrafica/VentanaClientes.java</file>
            <file>file:/C:/Users/gerso/Desktop/PROGRAMACIÓN/NetBeans/IPC1-Proyecto1_G9/Proyecto1/src/interfazgrafica/VentanaUsuario.java</file>
            <file>file:/C:/Users/gerso/Desktop/PROGRAMACIÓN/NetBeans/IPC1-Proyecto1_G9/Proyecto1/src/interfazgrafica/VentanaProducto.java</file>
        </group>
    </open-files>
</project-private>
